method,region,trace_id,qoe,average_bitrate_mbps,total_rebuffer_s,startup_delay_s,smoothness_penalty_mbps,wasted_traffic_ratio,preflight_capped_decisions,rescue_decisions,severe_session
cmab,osn,osn_recording_099_window_001.trace,5461.5,117.66666666666667,1.8625,0.8583000001907348,112,0,0,0,0
cmab,osn,osn_recording_080_window_001.trace,5181.9,117.66666666666667,8.8525,0.9445,112,0,0,0,0
cmab,osn,osn_recording_093_window_000.trace,5247.98,117.66666666666667,7.2005,1.1235,112,0,0,0,0
cmab,osn,osn_recording_063_window_000.trace,5034.960000038147,117.66666666666667,12.525999999046325,0.9363000001907349,112,0,0,0,1
cmab,osn,osn_recording_062_window_001.trace,4479.7599998855585,117.66666666666667,26.406000002861024,0.8871000003814697,112,0,0,0,1
cmab,osn,osn_recording_046_window_000.trace,5466.207999992371,117.66666666666667,1.744800000190735,0.8751000003814697,112,0,0,0,0
cmab,osn,osn_recording_077_window_001.trace,5469.195999984741,117.66666666666667,1.6701000003814697,0.9615,112,0,0,0,0
cmab,osn,osn_recording_112_window_001.trace,5227.976000022888,117.66666666666667,7.700599999427796,0.864,112,0,0,0,0
cmab,osn,osn_recording_118_window_000.trace,3649.232000045776,117.66666666666667,47.169199998855596,0.9741000003814697,112,0,0,0,1
cmab,osn,osn_recording_064_window_000.trace,1036.744000129699,117.66666666666667,112.48139999675752,1.208,112,0,0,0,1
cmab,us,us_recording_238_window_008.trace,5535.34,117.66666666666667,0.0165,0.9298000001907348,112,0,0,0,0
cmab,us,us_recording_223_window_004.trace,5536,117.66666666666667,0,0.8971000003814698,112,0,0,0,0
cmab,us,us_recording_196_window_014.trace,5536,117.66666666666667,0,0.9453999996185303,112,0,0,0,0
cmab,us,us_recording_222_window_001.trace,5435.736000022888,117.66666666666667,2.506599999427795,0.9185,112,0,0,0,0
cmab,us,us_recording_192_window_007.trace,5518.087999992371,117.66666666666667,0.44780000019073485,0.9327999992370606,112,0,0,0,0
cmab,us,us_recording_203_window_004.trace,5389.88799999237,117.66666666666667,3.6528000001907346,0.9151999998092651,112,0,0,0,0
cmab,us,us_recording_213_window_006.trace,5252.092000083923,117.66666666666667,7.097699997901916,0.9067999992370606,112,0,0,0,0
cmab,us,us_recording_226_window_005.trace,4897.864000053406,117.66666666666667,15.953399998664855,0.9733000001907348,112,0,0,0,1
cmab,us,us_recording_225_window_004.trace,4946.659999961853,117.66666666666667,14.733500000953676,0.9121999998092651,112,0,0,0,1
cmab,us,us_recording_212_window_001.trace,2319.339999961853,117.66666666666667,80.41650000095368,3.32760000038147,112,0,0,0,1
cmab,vic,vic_recording_148_window_000.trace,4559.459999961853,117.66666666666667,24.413500000953675,0.9688000001907349,112,0,0,0,1
cmab,vic,vic_recording_143_window_000.trace,5536,117.66666666666667,0,0.9085999994277955,112,0,0,0,0
cmab,vic,vic_recording_122_window_000.trace,5196.9559999847415,117.66666666666667,8.47610000038147,0.9266999998092651,112,0,0,0,0
cmab,vic,vic_recording_123_window_000.trace,5310.6639999008175,117.66666666666667,5.633400002479553,0.998,112,0,0,0,0
cmab,vic,vic_recording_130_window_000.trace,5220.007999877929,117.66666666666667,7.899800003051758,0.9840999994277954,112,0,0,0,0
cmab,vic,vic_recording_107_window_000.trace,2712.039999961853,117.66666666666667,70.59900000095368,0.8148999996185303,112,0,0,0,1
cmab,vic,vic_recording_131_window_000.trace,4041.93599998474,117.66666666666667,37.35160000038148,1.081,112,0,0,0,1
cmab,vic,vic_recording_135_window_000.trace,2672.6599999618534,117.66666666666667,71.58350000095366,0.9216000003814697,112,0,0,0,1
cmab,vic,vic_recording_111_window_000.trace,2400.396000061035,117.66666666666667,78.39009999847413,1.2692000007629394,112,0,0,0,1
cmab,vic,vic_recording_112_window_000.trace,104.01999992370656,117.66666666666667,135.79950000190735,1.1744000005722046,112,0,0,0,1
dash_dynamic,osn,osn_recording_099_window_001.trace,4994.623999977111,109.4375,2.0344000005722047,0.6846000003814697,177,0,0,0,0
dash_dynamic,osn,osn_recording_080_window_001.trace,2676,62.5625,0,0.6975999994277954,327,0.0014258265495324552,0,0,0
dash_dynamic,osn,osn_recording_093_window_000.trace,2856,63.1875,0,0.7156999998092651,177,0,0,0,0
dash_dynamic,osn,osn_recording_063_window_000.trace,2946,65.0625,0,0.8347999992370605,177,0,0,0,0
dash_dynamic,osn,osn_recording_062_window_001.trace,1673.7720000076295,42.875,0.6806999998092651,0.7153999996185303,357,0.001051191400730514,0,0,0
dash_dynamic,osn,osn_recording_046_window_000.trace,3593.8280000305176,83.1875,1.0542999992370605,0.7326000003814698,357,0,0,0,0
dash_dynamic,osn,osn_recording_077_window_001.trace,3051,71.625,0,0.7188000001907349,387,0.0008274085827908357,0,0,0
dash_dynamic,osn,osn_recording_112_window_001.trace,3171.7679999923707,71.3125,0.3558000001907349,0.6631000003814698,237,0,0,0,0
dash_dynamic,osn,osn_recording_118_window_000.trace,1551,36.625,0,0.7403000001907348,207,0.0011659954193606818,0,0,0
dash_dynamic,osn,osn_recording_064_window_000.trace,1248.324000015259,31.354166666666668,0.6918999996185302,0.8404000005722045,229,0.0018297037935061271,0,0,0
dash_dynamic,us,us_recording_238_window_008.trace,4816,107.4375,0,0.7506999998092652,341,0.00034850717654361774,0,0,0
dash_dynamic,us,us_recording_223_window_004.trace,4116,93.1875,0,0.7816999998092652,357,0,0,0,0
dash_dynamic,us,us_recording_196_window_014.trace,5136,110.6875,0,0.8074000005722046,177,0,0,0,0
dash_dynamic,us,us_recording_222_window_001.trace,3169.0759999847414,80.375,0.04810000038146973,0.7641999998092651,687,0.0008079600263773933,0,0,0
dash_dynamic,us,us_recording_192_window_007.trace,4334.979999961853,98.1875,0.5255000009536743,0.7223000001907348,357,0.0034896016260771725,0,0,0
dash_dynamic,us,us_recording_203_window_004.trace,3260.023999977112,76,0.02440000057220459,0.791,387,0.0010267127097607174,0,0,0
dash_dynamic,us,us_recording_213_window_006.trace,2559.3720000076296,60.6875,0.6656999998092651,0.7470999994277954,327,0,0,0,0
dash_dynamic,us,us_recording_226_window_005.trace,1875.7600000000002,45.0625,0.131,0.7155999994277954,282,0.0014687560564586835,0,0,0
dash_dynamic,us,us_recording_225_window_004.trace,1855.476000022888,47.25,2.888099999427795,0.766,297,0,0,0,0
dash_dynamic,us,us_recording_212_window_001.trace,972.1559999847411,23.583333333333332,2.07110000038147,1.0791000003814697,77,0.0025661147306096266,0,0,0
dash_dynamic,vic,vic_recording_148_window_000.trace,2736,58.1875,0,0.7871999998092651,57,0,0,0,0
dash_dynamic,vic,vic_recording_143_window_000.trace,4611,104.125,0,0.7725999994277954,387,0.0005144775818611559,0,0,0
dash_dynamic,vic,vic_recording_122_window_000.trace,2526,57.5625,0,0.7639000005722046,237,0,0,0,0
dash_dynamic,vic,vic_recording_123_window_000.trace,2856,61.9375,0,0.7372999992370606,117,0,0,0,0
dash_dynamic,vic,vic_recording_130_window_000.trace,2676,59.4375,0,0.7561999998092651,177,0,0,0,0
dash_dynamic,vic,vic_recording_107_window_000.trace,1712.44,41.3125,1.589,0.7375,207,0,0,0,0
dash_dynamic,vic,vic_recording_131_window_000.trace,1476,35.6875,0,0.7446000003814697,237,0.0027595138178636894,0,0,0
dash_dynamic,vic,vic_recording_135_window_000.trace,1207.7240000152588,30.75,2.6818999996185307,0.7796999998092652,161,0.009543475537631577,0,0,0
dash_dynamic,vic,vic_recording_111_window_000.trace,1199.7359999847413,32.416666666666664,3.75660000038147,0.8728000001907349,206,0,0,0,0
dash_dynamic,vic,vic_recording_112_window_000.trace,541.5280000305175,15.041666666666666,1.8617999992370604,0.8446999998092651,106,0,0,0,0
lumos_mpc,osn,osn_recording_099_window_001.trace,5261.503999977112,114.54166666666667,3.1124000005722046,0.8325,112,0,0,0,0
lumos_mpc,osn,osn_recording_080_window_001.trace,4827.4640000152585,113.91666666666667,13.213399999618531,0.8834000005722046,112,0,0,0,1
lumos_mpc,osn,osn_recording_093_window_000.trace,4889.087999954224,115.16666666666667,13.17280000114441,1.1565,112,0,0,0,1
lumos_mpc,osn,osn_recording_063_window_000.trace,4316.356000022888,112.66666666666667,21.491099999427796,0.8231999998092652,232,0,0,0,1
lumos_mpc,osn,osn_recording_062_window_001.trace,3549.8080001068115,112.66666666666667,40.65479999732971,0.8903000001907349,232,0,0,0,1
lumos_mpc,osn,osn_recording_046_window_000.trace,5144.744000015259,115.16666666666667,6.781399999618531,0.8828000001907349,112,0,0,0,0
lumos_mpc,osn,osn_recording_077_window_001.trace,4857.051999931336,115.16666666666667,13.973700001716614,0.8780999994277954,112,0,0,0,1
lumos_mpc,osn,osn_recording_112_window_001.trace,4336.611999969482,113.91666666666667,22.484700000762942,0.8755999994277954,232,0,0,0,1
lumos_mpc,osn,osn_recording_118_window_000.trace,2396.8399998855593,105.95833333333333,55.42900000286102,0.9936000003814697,472,0,0,0,1
lumos_mpc,osn,osn_recording_064_window_000.trace,289.98400009155284,98.29166666666667,85.40039999771118,1.2317999992370605,1012,0,0,0,1
lumos_mpc,us,us_recording_238_window_008.trace,4501.5759999465945,115.16666666666667,22.860600001335147,0.8640999994277954,112,0,0,0,1
lumos_mpc,us,us_recording_223_window_004.trace,4376.767999992371,113.14583333333333,23.55580000019073,0.9383999996185303,112,0,0,0,1
lumos_mpc,us,us_recording_196_window_014.trace,4649.871999931335,113.91666666666667,17.653200001716613,1.0077000007629395,112,0,0,0,1
lumos_mpc,us,us_recording_222_window_001.trace,3080.9840000152585,113.60416666666667,56.50039999961854,0.8684000005722046,112,0,0,0,1
lumos_mpc,us,us_recording_192_window_007.trace,4101.89200000763,113.14583333333333,30.427699999809263,1.000800000190735,112,0,0,0,1
lumos_mpc,us,us_recording_203_window_004.trace,3939.5880000686648,113.29166666666667,34.660299998283385,0.8721000003814697,112,0,0,0,1
lumos_mpc,us,us_recording_213_window_006.trace,3460.536000022888,111.89583333333333,41.961599999427804,0.9772000007629394,232,0,0,0,1
lumos_mpc,us,us_recording_226_window_005.trace,3435.247999916077,112.66666666666667,43.51880000209808,1.0473000001907349,232,0,0,0,1
lumos_mpc,us,us_recording_225_window_004.trace,3539.0479999160766,112.66666666666667,40.92380000209808,0.9153000001907349,232,0,0,0,1
lumos_mpc,us,us_recording_212_window_001.trace,1647.011999931336,100.95833333333333,66.6747000017166,3.198,532,0,0,0,1
lumos_mpc,vic,vic_recording_148_window_000.trace,2739.6160000610353,111.41666666666667,59.40959999847412,0.9156999998092651,232,0,0,0,1
lumos_mpc,vic,vic_recording_143_window_000.trace,4422.688000106811,115.16666666666667,24.83279999732971,0.842,112,0,0,0,1
lumos_mpc,vic,vic_recording_122_window_000.trace,4027.1440001678466,111.41666666666667,27.221399995803836,0.9773000001907348,232,0,0,0,1
lumos_mpc,vic,vic_recording_123_window_000.trace,3193.247999954224,113,52.96880000114441,1.0078000001907348,112,0,0,0,1
lumos_mpc,vic,vic_recording_130_window_000.trace,3858.4319998931883,115.16666666666667,38.93920000267029,0.9535,112,0,0,0,1
lumos_mpc,vic,vic_recording_107_window_000.trace,1345.7080000686651,103.14583333333333,75.33229999828337,1.4613000001907348,592,0,0,0,1
lumos_mpc,vic,vic_recording_131_window_000.trace,2561.8080001068115,111.41666666666667,57.854799997329714,1.0455999994277954,472,0,0,0,1
lumos_mpc,vic,vic_recording_135_window_000.trace,833.6399999618534,99.875,84.20900000095367,1.0267999992370604,592,0,0,0,1
lumos_mpc,vic,vic_recording_111_window_000.trace,1010.7239999771114,96.41666666666667,75.63190000057222,1.2791000003814696,592,0,0,0,1
lumos_mpc,vic,vic_recording_112_window_000.trace,-399.91199996948217,84.54166666666667,87.64779999923705,1.1712999992370605,952,0,0,0,1
robust_mpc,osn,osn_recording_099_window_001.trace,4961.915999984742,109.54166666666667,1.6021000003814698,0.8826999998092652,232,0,0,0,0
robust_mpc,osn,osn_recording_080_window_001.trace,4747.231999969483,106.41666666666667,6.219200000762939,0.9001999998092651,112,0,0,0,0
robust_mpc,osn,osn_recording_093_window_000.trace,4968.69200000763,111.41666666666667,6.682699999809264,1.095300000190735,112,0,0,0,0
robust_mpc,osn,osn_recording_063_window_000.trace,4145.295999984741,92.66666666666667,1.7676000003814698,0.9602999992370606,232,0,0,0,0
robust_mpc,osn,osn_recording_062_window_001.trace,3360.2719999694823,85.47916666666667,11.26820000076294,0.8773000001907348,292,0,0,0,1
robust_mpc,osn,osn_recording_046_window_000.trace,3884.34799999237,94.54166666666667,6.041300000190734,0.8866000003814697,412,0,0,0,0
robust_mpc,osn,osn_recording_077_window_001.trace,5104.6,112.66666666666667,1.785,0.8396999998092651,232,0,0,0,0
robust_mpc,osn,osn_recording_112_window_001.trace,4730.0040000152585,101.41666666666667,0.6498999996185303,0.9301999998092652,112,0,0,0,0
robust_mpc,osn,osn_recording_118_window_000.trace,2222.4479999923706,63.291666666666664,11.588800000190735,0.9661999998092652,352,0,0,0,1
robust_mpc,osn,osn_recording_064_window_000.trace,957.3920000457763,43.1875,15.740199998855593,1.1714000005722045,486,0,0,0,1
robust_mpc,us,us_recording_238_window_008.trace,5414.276000022888,115.16666666666667,0.04309999942779541,0.8991999998092651,112,0,0,0,0
robust_mpc,us,us_recording_223_window_004.trace,5326,113.29166666666667,0,0.867,112,0,0,0,0
robust_mpc,us,us_recording_196_window_014.trace,5236,111.41666666666667,0,0.9513000001907349,112,0,0,0,0
robust_mpc,us,us_recording_222_window_001.trace,4880.632000007629,107.66666666666667,1.3841999998092651,0.8595,232,0,0,0,0
robust_mpc,us,us_recording_192_window_007.trace,5174.0440000152585,110.79166666666667,0.7988999996185302,1.0024000005722047,112,0,0,0,0
robust_mpc,us,us_recording_203_window_004.trace,3821.38,88.14583333333333,4.8405,0.964,216,0,0,0,0
robust_mpc,us,us_recording_213_window_006.trace,4308.064000015259,97.35416666666667,3.3233999996185304,0.9846999998092651,232,0,0,0,0
robust_mpc,us,us_recording_226_window_005.trace,3056.148000030518,77.97916666666667,6.121299999237061,0.9996000003814697,442,0,0,0,0
robust_mpc,us,us_recording_225_window_004.trace,3737.8559999465942,93.91666666666667,11.203600001335143,0.9110999994277954,322,0,0,0,1
robust_mpc,us,us_recording_212_window_001.trace,1753.5880000305176,51.291666666666664,11.31029999923706,3.28389999961853,256,0,0,0,1
robust_mpc,vic,vic_recording_148_window_000.trace,4108.16,95.16666666666667,5.6960000000000015,0.9368999996185303,232,0,0,0,0
robust_mpc,vic,vic_recording_143_window_000.trace,5416,115.16666666666667,0,0.9071000003814698,112,0,0,0,0
robust_mpc,vic,vic_recording_122_window_000.trace,3841.1559999847414,93.29166666666667,7.12110000038147,0.9441000003814697,352,0,0,0,0
robust_mpc,vic,vic_recording_123_window_000.trace,4570.716000022888,107.04166666666667,5.382099999427795,1.0669000005722047,352,0,0,0,0
robust_mpc,vic,vic_recording_130_window_000.trace,4591.856000022888,106.41666666666667,7.103599999427795,0.9613999996185303,232,0,0,0,0
robust_mpc,vic,vic_recording_107_window_000.trace,2025.159999961853,79.54166666666667,33.02100000095367,0.9315,472,0,0,0,1
robust_mpc,vic,vic_recording_131_window_000.trace,3089.1319999313355,79.22916666666667,9.796700001716614,1.0776000003814696,322,0,0,0,0
robust_mpc,vic,vic_recording_135_window_000.trace,1459.8680000686645,57.520833333333336,23.87829999828339,0.897,346,0,0,0,1
robust_mpc,vic,vic_recording_111_window_000.trace,973.1720000076293,44.104166666666664,15.695699999809266,1.3024000005722045,516,0,0,0,1
robust_mpc,vic,vic_recording_112_window_000.trace,577.6359999847411,41.166666666666664,26.759100000381473,1.1668999996185303,328,0,0,0,1
safesabr_selective_rescue,osn,osn_recording_099_window_001.trace,5391.015999984741,115.79166666666667,1.3746000003814698,0.8855999994277954,112,0,0,0,0
safesabr_selective_rescue,osn,osn_recording_080_window_001.trace,4932.15200000763,109.54166666666667,3.846199999809265,0.9870999994277954,172,0.004653193532817917,3,2,0
safesabr_selective_rescue,osn,osn_recording_093_window_000.trace,4603.060000076294,110.16666666666667,8.32349999809265,1.1583999996185304,352,0.007577591561557583,2,2,0
safesabr_selective_rescue,osn,osn_recording_063_window_000.trace,4393.39200000763,105.16666666666667,6.065199999809265,0.9864000005722046,412,0.004529281976113185,2,2,0
safesabr_selective_rescue,osn,osn_recording_062_window_001.trace,3107.164000015259,91.27083333333333,12.945899999618533,0.9496000003814697,756,0.029157327926987914,3,7,1
safesabr_selective_rescue,osn,osn_recording_046_window_000.trace,4848.72,111.41666666666667,2.182,0.9231999998092651,412,0.0008570093839007976,2,1,0
safesabr_selective_rescue,osn,osn_recording_077_window_001.trace,5375.992000007629,115.79166666666667,1.7501999998092652,0.9598000001907349,112,0,0,0,0
safesabr_selective_rescue,osn,osn_recording_112_window_001.trace,3995.323999977112,104.04166666666667,8.816900000572204,0.9605,646,0.026029916297644836,2,3,0
safesabr_selective_rescue,osn,osn_recording_118_window_000.trace,2029.5840000915528,64.39583333333333,9.48539999771118,1.041699999809265,682,0.0322644215372391,8,11,0
safesabr_selective_rescue,osn,osn_recording_064_window_000.trace,1167.7560000228882,46.75,4.206099999427795,1.2158000001907348,908,0.06133107782050906,7,14,0
safesabr_selective_rescue,us,us_recording_238_window_008.trace,5446,115.79166666666667,0,0.8684000005722046,112,0,0,0,0
safesabr_selective_rescue,us,us_recording_223_window_004.trace,5131,112.35416666666667,0,0.9406999998092651,262,0.0004916829509465113,1,1,0
safesabr_selective_rescue,us,us_recording_196_window_014.trace,5386,114.54166666666667,0,0.9888999996185303,112,0.002042440879232538,0,1,0
safesabr_selective_rescue,us,us_recording_222_window_001.trace,4820.324000015259,110.95833333333333,1.2418999996185303,0.8065999994277954,456,0.0027834889509008058,1,2,0
safesabr_selective_rescue,us,us_recording_192_window_007.trace,5430.332000007629,115.79166666666667,0.3916999998092651,0.9873999996185303,112,0,0,0,0
safesabr_selective_rescue,us,us_recording_203_window_004.trace,4769.632000007629,107.35416666666667,1.5341999998092652,0.9921000003814697,322,0.0055788899971522836,0,4,0
safesabr_selective_rescue,us,us_recording_213_window_006.trace,4445.935999946594,103.29166666666667,2.5016000013351443,0.9999000005722046,412,0.0046097951027532814,3,3,0
safesabr_selective_rescue,us,us_recording_226_window_005.trace,3460.556000022888,93.35416666666667,9.361099999427795,0.9769000005722046,646,0.019791726836462367,7,6,0
safesabr_selective_rescue,us,us_recording_225_window_004.trace,2594.660000038147,86.64583333333333,8.358499999046327,0.9387000007629395,1230,0.0450359696137129,7,8,0
safesabr_selective_rescue,us,us_recording_212_window_001.trace,1739.556000022888,47.979166666666664,2.111099999427796,2.4986000003814697,479,0.01806131704142549,12,11,0
safesabr_selective_rescue,vic,vic_recording_148_window_000.trace,4175.883999977112,106.41666666666667,10.752900000572204,0.9176999998092651,502,0.026034771658502542,1,4,1
safesabr_selective_rescue,vic,vic_recording_143_window_000.trace,5446,115.79166666666667,0,0.8981999998092651,112,0,0,0,0
safesabr_selective_rescue,vic,vic_recording_122_window_000.trace,4942.291999969482,113.29166666666667,6.59270000076294,0.8805999994277954,232,0,2,0,0
safesabr_selective_rescue,vic,vic_recording_123_window_000.trace,5221.551999931336,115.79166666666667,5.611200001716613,1.0620999994277953,112,0,0,0,0
safesabr_selective_rescue,vic,vic_recording_130_window_000.trace,4936.611999969482,113.29166666666667,6.734700000762939,1.0354000005722046,232,0.00221286467448146,1,1,0
safesabr_selective_rescue,vic,vic_recording_107_window_000.trace,2565.556000022888,74.08333333333333,11.861099999427797,0.9583999996185303,516,0.040021515882752066,3,10,1
safesabr_selective_rescue,vic,vic_recording_131_window_000.trace,2851.9880000305175,82.35416666666667,8.97529999923706,1.0609000005722047,742,0.019660236417005192,7,8,0
safesabr_selective_rescue,vic,vic_recording_135_window_000.trace,1502.559999961853,60.583333333333336,9.536000000953674,0.9555,1024,0.05015221430729016,10,11,0
safesabr_selective_rescue,vic,vic_recording_111_window_000.trace,1463.019999961853,53.645833333333336,10.549500000953673,1.3093999996185304,690,0.014799775330786642,3,4,1
safesabr_selective_rescue,vic,vic_recording_112_window_000.trace,937.3639999389648,40.0625,16.74090000152588,1.2148000001907349,316,0.031065546261398597,4,9,1
sara,osn,osn_recording_099_window_001.trace,4918.264000015259,108.60416666666667,1.5683999996185303,0.8834000005722046,232,0,0,0,0
sara,osn,osn_recording_080_window_001.trace,4661.164000053406,105.79166666666667,7.620899998664855,0.933,112,0,0,0,0
sara,osn,osn_recording_093_window_000.trace,4960.476000022888,111.41666666666667,6.888099999427795,1.109,112,0,0,0,0
sara,osn,osn_recording_063_window_000.trace,4128.524000015259,92.66666666666667,2.1868999996185305,0.9458000001907348,232,0,0,0,0
sara,osn,osn_recording_062_window_001.trace,2872.335999984741,81.27083333333333,15.416600000381466,0.9514000005722046,412,0,0,0,1
sara,osn,osn_recording_046_window_000.trace,5147.127999992371,111.41666666666667,2.221800000190735,0.8281999998092652,112,0,0,0,0
sara,osn,osn_recording_077_window_001.trace,5109.196000022888,112.66666666666667,1.6700999994277956,0.9253000001907349,232,0,0,0,0
sara,osn,osn_recording_112_window_001.trace,4696.507999992371,100.64583333333333,0.5623000001907349,0.8448000001907349,112,0,0,0,0
sara,osn,osn_recording_118_window_000.trace,2295.2919999694823,63.458333333333336,11.46770000076294,0.9801000003814697,292,0,0,0,1
sara,osn,osn_recording_064_window_000.trace,1257.583999900818,44.270833333333336,10.285400002479552,1.1416999998092652,456,0,0,0,1
sara,us,us_recording_238_window_008.trace,5280.124000015258,112.35416666666667,0.021899999618530272,0.8903000001907349,112,0,0,0,0
sara,us,us_recording_223_window_004.trace,5219.696000022888,111.27083333333333,0.2325999994277954,0.8913000001907349,112,0,0,0,0
sara,us,us_recording_196_window_014.trace,5236,111.41666666666667,0,0.9095999994277955,112,0,0,0,0
sara,us,us_recording_222_window_001.trace,4871.711999969482,107.66666666666667,1.6072000007629395,0.8678999996185303,232,0,0,0,0
sara,us,us_recording_192_window_007.trace,5164.98,110.79166666666667,1.0255,0.9094000005722046,112,0,0,0,0
sara,us,us_recording_203_window_004.trace,5076.991999931335,109.22916666666667,1.3502000017166136,0.93,112,0,0,0,0
sara,us,us_recording_213_window_006.trace,4398.02,97.97916666666667,4.8245000000000005,1.0078999996185303,112,0,0,0,0
sara,us,us_recording_226_window_005.trace,2697.316000022888,73.91666666666667,8.717099999427795,0.9768000001907349,502,0,0,0,0
sara,us,us_recording_225_window_004.trace,3652.1359999847414,92.04166666666667,11.09660000038147,0.9332999992370605,322,0,0,0,1
sara,us,us_recording_212_window_001.trace,1845.5479999923705,50.9375,9.586300000190734,3.325800000190735,216,0,0,0,0
sara,vic,vic_recording_148_window_000.trace,3715.763999977112,98.29166666666667,13.255900000572206,0.9318999996185303,472,0,0,0,1
sara,vic,vic_recording_143_window_000.trace,5169,110.02083333333333,0,0.9321999998092652,112,0,0,0,0
sara,vic,vic_recording_122_window_000.trace,3950.815999984741,95.79166666666667,7.37960000038147,0.9647000007629395,352,0,0,0,0
sara,vic,vic_recording_123_window_000.trace,4318.104000015259,102.04166666666667,5.697399999618531,0.9440999994277954,352,0,0,0,0
sara,vic,vic_recording_130_window_000.trace,4485.384000015259,106.41666666666667,6.765399999618531,1.0473999996185304,352,0,0,0,0
sara,vic,vic_recording_107_window_000.trace,2181.0759999084476,80.79166666666667,31.37310000228882,0.9229000005722046,442,0,0,0,1
sara,vic,vic_recording_131_window_000.trace,3010.2119999694823,78.60416666666667,9.519700000762938,1.0514000005722046,382,0,0,0,0
sara,vic,vic_recording_135_window_000.trace,1171.5959999847414,50.958333333333336,20.210100000381466,0.9506999998092651,466,0,0,0,1
sara,vic,vic_recording_111_window_000.trace,1061.0480000305176,44.5625,15.89879999923706,1.2475,442,0,0,0,1
sara,vic,vic_recording_112_window_000.trace,217.33199996948247,36.916666666666664,30.416700000762937,1.1455999994277954,338,0,0,0,1
starnet_mpc,osn,osn_recording_099_window_001.trace,5463.447999992371,117.66666666666667,1.8138000001907348,0.8676999998092652,112,0,0,0,0
starnet_mpc,osn,osn_recording_080_window_001.trace,5012.5279999923705,117.66666666666667,13.086800000190735,0.8301999998092652,112,0,0,0,1
starnet_mpc,osn,osn_recording_093_window_000.trace,4663.667999992371,111.41666666666667,14.308300000190735,1.0526000003814697,112,0,0,0,1
starnet_mpc,osn,osn_recording_063_window_000.trace,4301.407999992371,100.16666666666667,9.864800000190733,0.8979000005722045,112,0,0,0,0
starnet_mpc,osn,osn_recording_062_window_001.trace,3908.3359999465943,117.66666666666667,40.691600001335146,0.866,112,0,0,0,1
starnet_mpc,osn,osn_recording_046_window_000.trace,4729.496000022888,108.91666666666667,6.662599999427795,0.8553000001907348,232,0,0,0,0
starnet_mpc,osn,osn_recording_077_window_001.trace,5094.428000030518,117.66666666666667,11.039299999237059,0.8918000001907349,112,0,0,0,1
starnet_mpc,osn,osn_recording_112_window_001.trace,4766.391999969483,117.66666666666667,19.24020000076294,0.8788000001907349,112,0,0,0,1
starnet_mpc,osn,osn_recording_118_window_000.trace,2481.8520000076296,85.33333333333333,37.55369999980926,0.9272999992370605,112,0,0,0,1
starnet_mpc,osn,osn_recording_064_window_000.trace,-1008.6999998855581,85.79166666666667,122.36749999713895,1.2201999998092652,232,0,0,0,1
starnet_mpc,us,us_recording_238_window_008.trace,4548.468000030518,117.66666666666667,24.68829999923706,0.7669000005722046,112,0,0,0,1
starnet_mpc,us,us_recording_223_window_004.trace,4512.103999977112,117.66666666666667,25.597400000572204,0.8545,112,0,0,0,1
starnet_mpc,us,us_recording_196_window_014.trace,4469.243999900818,117.66666666666667,26.668900002479553,0.8592999992370606,112,0,0,0,1
starnet_mpc,us,us_recording_222_window_001.trace,4747.67200012207,117.66666666666667,19.70819999694824,0.8743000001907348,112,0,0,0,1
starnet_mpc,us,us_recording_192_window_007.trace,4677.344000053406,117.66666666666667,21.46639999866486,0.9163999996185302,112,0,0,0,1
starnet_mpc,us,us_recording_203_window_004.trace,3802.023999977112,117.66666666666667,43.3494000005722,0.8751999998092651,112,0,0,0,1
starnet_mpc,us,us_recording_213_window_006.trace,3651.0759999847414,117.66666666666667,47.12310000038146,0.9263000001907349,112,0,0,0,1
starnet_mpc,us,us_recording_226_window_005.trace,2542.395999946594,117.66666666666667,74.84010000133514,0.9303000001907349,112,0,0,0,1
starnet_mpc,us,us_recording_225_window_004.trace,3229.955999984741,117.66666666666667,57.651100000381476,0.9259000005722046,112,0,0,0,1
starnet_mpc,us,us_recording_212_window_001.trace,1995.2680000305177,98.91666666666667,66.01829999923706,3.3328000001907347,112,0,0,0,1
starnet_mpc,vic,vic_recording_148_window_000.trace,1918.447999954224,101.41666666666667,67.9388000011444,0.8725,232,0,0,0,1
starnet_mpc,vic,vic_recording_143_window_000.trace,3755.864000053406,98.77083333333333,21.828399998664857,0.908,112,0,0,0,1
starnet_mpc,vic,vic_recording_122_window_000.trace,3965.584000015259,103.29166666666667,22.010399999618528,0.9736000003814698,112,0,0,0,1
starnet_mpc,vic,vic_recording_123_window_000.trace,3403.620000038147,89.54166666666667,14.309499999046324,1.0703999996185303,322,0,0,0,1
starnet_mpc,vic,vic_recording_130_window_000.trace,3667.8439999008174,110.16666666666667,37.703900002479564,0.961,112,0,0,0,1
starnet_mpc,vic,vic_recording_107_window_000.trace,389.1080000305178,84.54166666666667,73.92229999923705,0.8543999996185303,712,0,0,0,1
starnet_mpc,vic,vic_recording_131_window_000.trace,2973.979999923706,91.41666666666667,30.30050000190735,0.9933000001907348,202,0,0,0,1
starnet_mpc,vic,vic_recording_135_window_000.trace,-72.48799983978324,75.79166666666667,80.96219999599458,0.849,472,0,0,0,1
starnet_mpc,vic,vic_recording_111_window_000.trace,1247.5400001525882,78.91666666666667,53.211499996185296,1.2995999994277954,412,0,0,0,1
starnet_mpc,vic,vic_recording_112_window_000.trace,371.3360000610355,64.54166666666667,60.866599998474115,1.1599000005722047,292,0,0,0,1
wabb,osn,osn_recording_099_window_001.trace,2752.312000007629,58.916666666666664,0.5921999998092652,0.9054000005722046,52,0,0,0,0
wabb,osn,osn_recording_080_window_001.trace,2746.5079999923705,58.916666666666664,0.7373000001907348,0.8516999998092651,52,0,0,0,0
wabb,osn,osn_recording_093_window_000.trace,2776,58.916666666666664,0,1.0625999994277955,52,0,0,0,0
wabb,osn,osn_recording_063_window_000.trace,1726.3120000076292,92.66666666666667,11.242199999809266,0.8492000007629394,2272,0,0,0,1
wabb,osn,osn_recording_062_window_001.trace,1315.6520000076293,86.41666666666667,18.508699999809263,0.857,2092,0,0,0,1
wabb,osn,osn_recording_046_window_000.trace,3174.8599999999997,100.16666666666667,2.0285,0.9028999996185303,1552,0,0,0,0
wabb,osn,osn_recording_077_window_001.trace,1913.2719999694827,91.41666666666667,3.5682000007629395,0.8946000003814697,2332,0,0,0,0
wabb,osn,osn_recording_112_window_001.trace,2462.3279999923707,56.416666666666664,0.34180000019073487,0.8298999996185302,232,0,0,0,0
wabb,osn,osn_recording_118_window_000.trace,1451.5600000381469,49.541666666666664,3.8609999990463257,0.8858000001907349,772,0,0,0,0
wabb,osn,osn_recording_064_window_000.trace,-55.35600006103482,77.66666666666667,48.28390000152587,1.112,1852,0,0,0,1
wabb,us,us_recording_238_window_008.trace,2312.480000038147,97.66666666666667,20.58799999904633,0.8945999994277954,1552,0,0,0,1
wabb,us,us_recording_223_window_004.trace,2301.7320000076297,97.66666666666667,23.856699999809262,0.8595,1432,0,0,0,1
wabb,us,us_recording_196_window_014.trace,2627.412000045776,97.66666666666667,9.714699998855592,0.954,1672,0,0,0,0
wabb,us,us_recording_222_window_001.trace,2207.080000076294,95.16666666666667,15.72299999809265,0.7708000001907349,1732,0,0,0,1
wabb,us,us_recording_192_window_007.trace,2137.1720000457763,93.91666666666667,23.47069999885559,0.8815999994277954,1432,0,0,0,1
wabb,us,us_recording_203_window_004.trace,2124.599999961853,93.91666666666667,17.785000000953673,0.9701000003814697,1672,0,0,0,1
wabb,us,us_recording_213_window_006.trace,1364.4919999694825,92.66666666666667,24.78770000076294,1.0093999996185303,2092,0,0,0,1
wabb,us,us_recording_226_window_005.trace,264.3440000915525,86.41666666666667,44.79139999771119,1.089300000190735,2092,0,0,0,1
wabb,us,us_recording_225_window_004.trace,2410.2040000152588,96.41666666666667,19.644899999618527,0.9136000003814697,1432,0,0,0,1
wabb,us,us_recording_212_window_001.trace,64.75999996185237,85.16666666666667,57.28100000095369,3.362199999809265,1732,0,0,0,1
wabb,vic,vic_recording_148_window_000.trace,372.0960000991822,81.41666666666667,33.09759999752045,0.9401999998092652,2212,0,0,0,1
wabb,vic,vic_recording_143_window_000.trace,2200.1920000457762,97.66666666666667,23.395199998855592,1.0427000007629394,1552,0,0,0,1
wabb,vic,vic_recording_122_window_000.trace,2754.4640000152585,97.66666666666667,11.038399999618532,0.9429000005722046,1492,0,0,0,1
wabb,vic,vic_recording_123_window_000.trace,1642.8520000076296,92.66666666666667,22.328699999809263,1.0478000001907348,1912,0,0,0,1
wabb,vic,vic_recording_130_window_000.trace,2067.4519999313356,92.66666666666667,11.713700001716612,0.9681999998092652,1912,0,0,0,1
wabb,vic,vic_recording_107_window_000.trace,375.9720000839234,80.16666666666667,36.00069999790192,0.9343999996185303,2032,0,0,0,1
wabb,vic,vic_recording_131_window_000.trace,2369.8719999694827,58.916666666666664,10.153200000762938,0.9230999994277954,52,0,0,0,1
wabb,vic,vic_recording_135_window_000.trace,1770.8319999694822,58.916666666666664,25.129200000762943,0.9745,52,0,0,0,1
wabb,vic,vic_recording_111_window_000.trace,1712.0559999847414,58.916666666666664,26.598600000381467,1.3015,52,0,0,0,1
wabb,vic,vic_recording_112_window_000.trace,442.36800006866497,58.916666666666664,58.34079999828338,1.216,52,0,0,0,1
